record_id,age,sleep_hours,steps,resting_hr,activity
S0000,two,9.5,11284,45,unknown
S0001,69,29,14132,61, HIGH 
S0002,61,5.6,-30,73,high
S0003,47,9.8,2854,,unknown
S0004,999,8.7,14955,85,low
S0005,75,8.3,9881,87,unknown
S0006,23,6.7,6153,74,unknown
S0007,64,5.6,9498,51,high
S0008,31,4.6,17422,66, HIGH 
S0009,24,9.4,15507,99,high
S0010,53,6.7,15089,47,moderate
S0011,83,5.2,8598,93, HIGH 
S0012,67,5.8,14222,82,moderate
S0013,68,7.5,7239,60,moderate
S0014,66,5.1,12507,87,high
S0015,70,9.1,11692,91,unknown
S0016,52,8.6,4871,47,moderate
S0017,26,8.3,5163,50,high
S0018,74,6.6,1569,81,low
S0019,48,7.8,2945,99,low
S0020,51,7.5,8088,46,low
S0021,42,7.9,8862,81,low
S0022,30,4.5,3389,52,unknown
S0023,80,6.5,7795,80,unknown
S0024,70,4.2,11073,79,unknown
S0025,61,7.0,4569,49,low
S0026,44,6.0,6419,82,low
S0027,73,4.9,6931,94,moderate
S0028,54,4.6,9338,92,high
S0029,47,7.5,6911,46,moderate
S0030,48,5.0,13396,58,high
S0031,33,9.6,6231,58,low
S0032,24,7.5,8093,69, HIGH 
S0033,55,6.1,7140,52,moderate
S0034,77,7.5,3701,91,low
S0035,22,4.1,12500,87, HIGH 
S0036,75,9.8,4620,89,unknown
S0037,73,6.9,5695,55,low
S0038,36,8.7,14373,45,high
S0039,60,4.5,17105,95,unknown
S0040,29,6.9,12239,60, HIGH 
S0041,68,6.9,16536,81,unknown
S0042,64,9.6,15448,95,high
S0043,41,7.4,8915,46,moderate
S0044,22,6.8,13980,45, HIGH 
S0045,83,5.6,6246,45,low
S0046,47,6.0,8558,53,moderate
S0047,77,7.1,9870,47, HIGH 
S0048,63,6.6,17308,90, HIGH 
S0049,70,4.1,15349,78,low
S0050,68,9.0,9061,98,high
S0051,31,9.4,11920,89,moderate
S0052,42,4.8,4041,97,high
S0053,49,7.3,14576,58,unknown
S0054,51,4.7,10178,60,low
S0055,20,8.0,9822,91,unknown
S0056,54,5.7,13909,58,high
S0057,28,8.0,11576,48, HIGH 
S0058,67,8.4,1768,81,high
S0059,63,8.6,5542,89,moderate
S0060,79,4.6,3592,98, HIGH 
S0061,67,9.5,13360,96, HIGH 
S0062,42,5.4,1115,51,low
S0063,82,4.2,4042,87, HIGH 
S0064,45,7.3,10955,91, HIGH 
S0065,39,6.2,12658,83,moderate
S0066,78,9.0,9307,90,unknown
S0067,42,8.8,15562,91, HIGH 
S0068,23,5.9,16581,69,moderate
S0069,49,9.7,2811,47,low
S0070,71,5.7,17168,70, HIGH 
S0071,30,7.1,11251,56,moderate
S0072,49,5.5,11633,51, HIGH 
S0073,26,9.6,2164,51,high
S0074,63,5.0,11382,83,high
S0075,49,4.3,13200,72,low
S0076,40,6.6,10663,74, HIGH 
S0077,33,10.0,1978,85,low
S0078,55,9.4,9656,75,high
S0079,62,8.5,16878,79,unknown
S0080,81,9.3,13159,49,unknown
S0081,47,9.4,2904,91,unknown
S0082,28,7.1,17298,69,unknown
S0083,73,5.9,17280,53,high
S0084,60,8.6,3464,89,moderate
S0085,64,8.0,14515,85,unknown
S0086,24,6.2,7617,47,unknown
S0087,38,4.6,10889,55,unknown
S0088,69,8.5,8290,45, HIGH 
S0089,73,5.6,14195,59,low
S0090,47,9.6,17941,50,high
S0091,71,5.4,14414,84,high
S0092,74,4.7,16799,73,unknown
S0093,43,9.0,17055,98,moderate
S0094,78,4.9,2076,86,moderate
S0095,37,5.1,4934,78,low
S0096,34,7.6,13132,73,unknown
S0097,63,9.2,10826,47, HIGH 
S0098,60,5.2,1377,48,low
S0099,27,5.9,2163,78,high
S0100,73,8.7,9609,45,high
S0101,31,9.8,11282,47,high
S0102,71,7.0,3435,57,unknown
S0103,18,4.9,3497,93,low
S0104,71,4.1,2763,70,moderate
S0105,70,5.4,10386,84,low
S0106,70,4.8,637,67,moderate
S0107,62,8.1,10517,54,unknown
S0108,49,4.7,8828,65,unknown
S0109,65,7.0,8654,50,low
S0110,36,8.2,12387,87, HIGH 
S0111,70,7.5,9646,55,moderate
S0112,55,5.2,13235,65,low
S0113,48,8.8,13868,98,moderate
S0114,51,8.3,16602,77,low
S0115,56,8.4,14486,70,high
S0116,20,4.8,9559,74,unknown
S0117,27,4.7,9112,88,high
S0118,34,9.6,4624,58, HIGH 
S0119,25,6.4,10992,80,high
S0120,47,5.8,2934,92,low
S0121,62,6.9,16796,76,low
S0122,61,8.0,15288,69,moderate
S0123,49,9.7,2595,52,moderate
S0124,75,5.7,14254,58,unknown
S0125,55,9.5,2549,97,unknown
S0126,23,4.1,13121,74,unknown
S0127,69,7.3,2034,61, HIGH 
S0128,56,7.8,9043,68,high
S0129,60,4.6,12012,76, HIGH 
S0130,55,4.8,13254,74,high
S0131,55,6.5,7825,83, HIGH 
S0132,24,9.8,16628,59, HIGH 
S0133,55,7.6,14050,80, HIGH 
S0134,71,9.6,4144,69, HIGH 
S0135,38,8.8,12246,96,low
S0136,58,6.8,13284,53, HIGH 
S0137,20,8.7,6338,53,moderate
S0138,41,4.1,13419,70, HIGH 
S0139,47,4.7,16221,72,high
S0140,83,9.0,14799,82,unknown
S0141,32,8.8,13844,67,moderate
S0142,36,5.4,11603,95,unknown
S0143,45,7.2,5234,71,unknown
S0144,84,7.6,14416,52,moderate
S0145,75,9.2,6873,51,high
S0146,20,7.6,9813,98,high
S0147,33,6.5,6002,52, HIGH 
S0148,73,6.2,5977,97, HIGH 
S0149,21,6.6,3258,60,unknown
S0150,75,7.9,17322,50,moderate
S0151,36,9.2,3086,61,high
S0152,79,6.7,2009,78,high
S0153,37,5.5,16882,68,unknown
S0154,47,5.4,10212,88,moderate
S0155,62,8.5,8163,78,high
S0156,26,8.9,13406,67,low
S0157,55,4.6,7208,79,unknown
S0158,51,4.4,2738,98,moderate
S0159,70,7.6,13269,67,moderate
S0160,84,4.9,3579,53,high
S0161,62,8.9,10177,67,high
S0162,45,5.9,17108,91,unknown
S0163,45,4.9,16882,56,high
S0164,46,9.5,6813,97,high
S0165,72,5.0,14155,77,low
S0166,39,5.7,11221,78,low
S0167,29,4.9,8888,62,moderate
S0168,40,4.7,2948,95,unknown
S0169,19,4.1,7086,46,unknown
S0170,25,4.3,11908,61, HIGH 
S0171,24,5.0,17766,68, HIGH 
S0172,69,4.3,585,71,moderate
S0173,66,7.5,13060,71,low
S0174,64,8.1,15310,53,low
S0175,48,6.4,17145,57,moderate
S0176,66,5.9,7916,50,moderate
S0177,28,7.0,2573,76,low
S0178,78,9.3,5241,64,moderate
S0179,51,9.1,15384,76,low
S0180,80,4.3,15863,77, HIGH 
S0181,28,5.1,11648,83,unknown
S0182,51,5.4,2647,75, HIGH 
S0183,64,5.5,2633,80,high
S0184,51,7.4,8868,77,high
S0185,47,6.5,10794,80,moderate
S0186,29,4.3,1066,78,low
S0187,43,6.2,12506,62,high
S0188,33,7.1,10028,58,high
S0189,38,4.6,715,88,low
S0190,63,9.0,2174,63,high
S0191,60,4.3,8450,75,moderate
S0192,58,9.5,13145,55,low
S0193,42,4.6,14944,68, HIGH 
S0194,82,9.1,8047,74,high
S0195,23,9.4,5668,79, HIGH 
S0196,40,9.9,17445,73, HIGH 
S0197,25,8.8,8524,64,unknown
S0198,40,8.7,6019,97,unknown
S0199,82,7.9,8240,73, HIGH 
S0000,two,9.5,11284,45,unknown
S0001,69,29,14132,61, HIGH 
S0002,61,5.6,-30,73,high
S0003,47,9.8,2854,,unknown
S0004,999,8.7,14955,85,low
