record_id,numeric__age,numeric__sleep_hours,numeric__steps,numeric__resting_hr,numeric__missingindicator_age,numeric__missingindicator_sleep_hours,numeric__missingindicator_steps,numeric__missingindicator_resting_hr,category__activity_high,category__activity_low,category__activity_moderate,category__activity_unknown
S0079,0.5546164661259605,0.923196599919973,1.5024706982161056,0.5607236816927605,-0.1125087900926024,-0.07930515857181443,-0.07930515857181443,-0.07930515857181443,0.0,0.0,0.0,1.0
S0197,-1.4936240076517606,1.0924610643820005,-0.26405349865134103,-0.3889847417812161,-0.1125087900926024,-0.07930515857181443,-0.07930515857181443,-0.07930515857181443,0.0,0.0,0.0,1.0
S0038,-0.8846876505827084,1.0360395762279908,0.9727671893397645,-1.5919487448482532,-0.1125087900926024,-0.07930515857181443,-0.07930515857181443,-0.07930515857181443,1.0,0.0,0.0,0.0
S0024,0.9974792712670894,-1.5029273907024165,0.2749541836344049,0.5607236816927605,-0.1125087900926024,-0.07930515857181443,-0.07930515857181443,-0.07930515857181443,0.0,0.0,0.0,1.0
S0122,0.49925861548331935,0.6410891591499277,1.1662517045580687,-0.07241526728989055,-0.1125087900926024,-0.07930515857181443,-0.07930515857181443,-0.07930515857181443,0.0,0.0,1.0,0.0
S0195,-1.6043397089370428,1.4309899933060548,-0.8679789363163432,0.5607236816927605,-0.1125087900926024,-0.07930515857181443,-0.07930515857181443,-0.07930515857181443,1.0,0.0,0.0,0.0
S0029,-0.2757512935136562,0.3589817183798824,-0.6051360375006577,-1.528634849949988,-0.1125087900926024,-0.07930515857181443,-0.07930515857181443,-0.07930515857181443,0.0,0.0,1.0,0.0
S0019,-0.22039344287101506,0.5282461828419095,-1.4437803952665533,1.8270015796580628,-0.1125087900926024,-0.07930515857181443,-0.07930515857181443,-0.07930515857181443,0.0,1.0,0.0,0.0
S0143,-0.38646699479893837,0.18971725391785532,-0.9597519194909268,0.05421252250663968,-0.1125087900926024,-0.07930515857181443,-0.07930515857181443,-0.07930515857181443,0.0,0.0,0.0,1.0
S0086,-1.5489818582944017,-0.3744976276222353,-0.4558463459770262,-1.465320955051723,-0.1125087900926024,-0.07930515857181443,-0.07930515857181443,-0.07930515857181443,0.0,0.0,0.0,1.0
S0114,-0.054319890943091746,0.8103536236119553,1.4441081559207483,0.4340958918962303,-0.1125087900926024,-0.07930515857181443,-0.07930515857181443,-0.07930515857181443,0.0,1.0,0.0,0.0
S0173,0.7760478686965249,0.3589817183798824,0.6951221964636622,0.05421252250663968,-0.1125087900926024,-0.07930515857181443,-0.07930515857181443,-0.07930515857181443,0.0,1.0,0.0,0.0
S0005,1.274268524480295,0.8103536236119553,0.022895667634165926,1.0672348408788814,-0.1125087900926024,-0.07930515857181443,-0.07930515857181443,-0.07930515857181443,0.0,0.0,0.0,1.0
S0126,-1.6043397089370428,-1.559348878856426,0.7080211641448826,0.24415420720143502,-0.1125087900926024,-0.07930515857181443,-0.07930515857181443,-0.07930515857181443,0.0,0.0,0.0,1.0
S0117,-1.3829083063664784,-1.2208199499323713,-0.13971590854384058,1.1305487357771467,-0.1125087900926024,-0.07930515857181443,-0.07930515857181443,-0.07930515857181443,1.0,0.0,0.0,0.0
S0073,-1.4382661570091195,1.5438329696140725,-1.6089294732834885,-1.2120653754586626,-0.1125087900926024,-0.07930515857181443,-0.07930515857181443,-0.07930515857181443,1.0,0.0,0.0,0.0
S0140,1.7171313296214237,1.2053040406900184,1.062848504621729,0.7506653663875559,-0.1125087900926024,-0.07930515857181443,-0.07930515857181443,-0.07930515857181443,0.0,0.0,0.0,1.0
S0098,0.44390076484067825,-0.938712509162326,-1.775347302219888,-1.4020070601534578,-0.1125087900926024,-0.07930515857181443,-0.07930515857181443,-0.07930515857181443,0.0,1.0,0.0,0.0
S0172,0.9421214206244483,-1.4465059025484077,-1.9428224235891742,0.05421252250663968,-0.1125087900926024,-0.07930515857181443,-0.07930515857181443,-0.07930515857181443,0.0,0.0,1.0,0.0
S0096,-0.9954033518679906,0.4154032065338913,0.7103472074972338,0.1808403123031699,-0.1125087900926024,-0.07930515857181443,-0.07930515857181443,-0.07930515857181443,0.0,0.0,0.0,1.0
S0169,-1.8257711115076072,-1.559348878856426,-0.5681308023496159,-1.528634849949988,-0.1125087900926024,-0.07930515857181443,-0.07930515857181443,-0.07930515857181443,0.0,0.0,0.0,1.0
S0097,0.6099743167686016,1.318147016998036,0.2227239374497916,-1.465320955051723,-0.1125087900926024,-0.07930515857181443,-0.07930515857181443,-0.07930515857181443,1.0,0.0,0.0,0.0
S0031,-1.0507612025106317,1.5438329696140725,-0.7489278083732772,-0.7688681111708068,-0.1125087900926024,-0.07930515857181443,-0.07930515857181443,-0.07930515857181443,0.0,1.0,0.0,0.0
S0012,0.831405719339166,-0.6001835802382718,0.9408369578665798,0.7506653663875559,-0.1125087900926024,-0.07930515857181443,-0.07930515857181443,-0.07930515857181443,0.0,0.0,1.0,0.0
S0035,-1.659697559579684,-1.559348878856426,0.5767054439803285,1.0672348408788814,-0.1125087900926024,-0.07930515857181443,-0.07930515857181443,-0.07930515857181443,1.0,0.0,0.0,0.0
S0119,-1.4936240076517606,-0.2616546513142171,0.25782604622163696,0.6240375765910257,-0.1125087900926024,-0.07930515857181443,-0.07930515857181443,-0.07930515857181443,1.0,0.0,0.0,0.0
S0042,0.6653321674112427,1.5438329696140725,1.2000850624104498,1.5737460000650023,-0.1125087900926024,-0.07930515857181443,-0.07930515857181443,-0.07930515857181443,1.0,0.0,0.0,0.0
S0189,-0.7739719492974262,-1.2772414380863806,-1.9153328203341147,1.1305487357771467,-0.1125087900926024,-0.07930515857181443,-0.07930515857181443,-0.07930515857181443,0.0,1.0,0.0,0.0
S0090,-0.2757512935136562,1.5438329696140725,1.7272510694478622,-1.2753792703569276,-0.1125087900926024,-0.07930515857181443,-0.07930515857181443,-0.07930515857181443,1.0,0.0,0.0,0.0
S0136,0.333185063555396,-0.03596869869818114,0.7424888974569958,-1.0854375856621323,-0.1125087900926024,-0.07930515857181443,-0.07930515857181443,-0.07930515857181443,1.0,0.0,0.0,0.0
S0051,-1.1614769037959138,1.4309899933060548,0.45405952176544717,1.1938626306754117,-0.1125087900926024,-0.07930515857181443,-0.07930515857181443,-0.07930515857181443,0.0,0.0,1.0,0.0
S0127,0.9421214206244483,0.24613874207186417,-1.6364190765385482,-0.5789264264760114,-0.1125087900926024,-0.07930515857181443,-0.07930515857181443,-0.07930515857181443,1.0,0.0,0.0,0.0
S0162,-0.38646699479893837,-0.5437620920842624,1.5511061501289034,1.3204904204719419,-0.1125087900926024,-0.07930515857181443,-0.07930515857181443,-0.07930515857181443,0.0,0.0,0.0,1.0
S0041,0.886763569981807,0.020452789455828225,1.430151895806641,0.6873514714892908,-0.1125087900926024,-0.07930515857181443,-0.07930515857181443,-0.07930515857181443,0.0,0.0,0.0,1.0
S0118,-0.9954033518679906,1.5438329696140725,-1.0887415963031295,-0.7688681111708068,-0.1125087900926024,-0.07930515857181443,-0.07930515857181443,-0.07930515857181443,1.0,0.0,0.0,0.0
S0113,-0.22039344287101506,1.0924610643820005,0.8659806536181867,1.7636876847597978,-0.1125087900926024,-0.07930515857181443,-0.07930515857181443,-0.07930515857181443,0.0,0.0,1.0,0.0
S0026,-0.4418248454415795,-0.4873406039302535,-0.7091736128967294,0.7506653663875559,-0.1125087900926024,-0.07930515857181443,-0.07930515857181443,-0.07930515857181443,0.0,1.0,0.0,0.0
S0139,-0.2757512935136562,-1.2208199499323713,1.3635424725347658,0.1175264174049048,-0.1125087900926024,-0.07930515857181443,-0.07930515857181443,-0.07930515857181443,1.0,0.0,0.0,0.0
S0100,1.1635528231950127,1.0360395762279908,-0.034621040714881895,-1.5919487448482532,-0.1125087900926024,-0.07930515857181443,-0.07930515857181443,-0.07930515857181443,1.0,0.0,0.0,0.0
S0111,0.9974792712670894,0.3589817183798824,-0.02679707671151877,-0.9588097958656021,-0.1125087900926024,-0.07930515857181443,-0.07930515857181443,-0.07930515857181443,0.0,0.0,1.0,0.0
S0002,0.49925861548331935,-0.71302655654629,0.022895667634165926,0.1808403123031699,-0.1125087900926024,-0.07930515857181443,12.609520212918493,-0.07930515857181443,1.0,0.0,0.0,0.0
S0077,-1.0507612025106317,1.7695189222301089,-1.6482607517868815,0.9406070510823512,-0.1125087900926024,-0.07930515857181443,-0.07930515857181443,-0.07930515857181443,0.0,1.0,0.0,0.0
S0046,-0.2757512935136562,-0.4873406039302535,-0.25686391010771004,-1.0854375856621323,-0.1125087900926024,-0.07930515857181443,-0.07930515857181443,-0.07930515857181443,0.0,0.0,1.0,0.0
S0187,-0.4971826960842206,-0.3744976276222353,0.5779741948997928,-0.5156125315777463,-0.1125087900926024,-0.07930515857181443,-0.07930515857181443,-0.07930515857181443,1.0,0.0,0.0,0.0
S0191,0.44390076484067825,-1.4465059025484077,-0.27970142665806724,0.3074681020997001,-0.1125087900926024,-0.07930515857181443,-0.07930515857181443,-0.07930515857181443,0.0,0.0,1.0,0.0
S0085,0.6653321674112427,0.6410891591499277,1.0027942944337527,0.9406070510823512,-0.1125087900926024,-0.07930515857181443,-0.07930515857181443,-0.07930515857181443,0.0,0.0,0.0,1.0
S0161,0.5546164661259605,1.1488825525360096,0.08548737966107091,-0.19904305708642075,-0.1125087900926024,-0.07930515857181443,-0.07930515857181443,-0.07930515857181443,1.0,0.0,0.0,0.0
S0036,1.274268524480295,1.6566759459220912,-1.089587430249439,1.1938626306754117,-0.1125087900926024,-0.07930515857181443,-0.07930515857181443,-0.07930515857181443,0.0,0.0,0.0,1.0
S0190,0.6099743167686016,1.2053040406900184,-1.6068148884177147,-0.4522986366794812,-0.1125087900926024,-0.07930515857181443,-0.07930515857181443,-0.07930515857181443,1.0,0.0,0.0,0.0
S0061,0.831405719339166,1.4874114814600636,0.7585597424368768,1.6370598949632675,-0.1125087900926024,-0.07930515857181443,-0.07930515857181443,-0.07930515857181443,1.0,0.0,0.0,0.0
S0022,-1.216834754438555,-1.3336629262403894,-1.3498928272261959,-1.1487514805603973,-0.1125087900926024,-0.07930515857181443,-0.07930515857181443,-0.07930515857181443,0.0,0.0,0.0,1.0
S0141,-1.1061190531532727,1.0924610643820005,0.8609056499403296,-0.19904305708642075,-0.1125087900926024,-0.07930515857181443,-0.07930515857181443,-0.07930515857181443,0.0,0.0,1.0,0.0
S0101,-1.1614769037959138,1.6566759459220912,0.31914900732907764,-1.465320955051723,-0.1125087900926024,-0.07930515857181443,-0.07930515857181443,-0.07930515857181443,1.0,0.0,0.0,0.0
S0033,0.16711151162747268,-0.4309191157762447,-0.5567120440744373,-1.1487514805603973,-0.1125087900926024,-0.07930515857181443,-0.07930515857181443,-0.07930515857181443,0.0,0.0,1.0,0.0
S0011,1.7171313296214237,-0.938712509162326,-0.24840557064461477,1.447118210268472,-0.1125087900926024,-0.07930515857181443,-0.07930515857181443,-0.07930515857181443,1.0,0.0,0.0,0.0
S0194,1.6617734789787826,1.2617255288440272,-0.36491919674875206,0.24415420720143502,-0.1125087900926024,-0.07930515857181443,-0.07930515857181443,-0.07930515857181443,1.0,0.0,0.0,0.0
S0159,0.9974792712670894,0.4154032065338913,0.7393170201583351,-0.19904305708642075,-0.1125087900926024,-0.07930515857181443,-0.07930515857181443,-0.07930515857181443,0.0,0.0,1.0,0.0
S0006,-1.6043397089370428,-0.09239018685219,-0.765421570326313,0.24415420720143502,-0.1125087900926024,-0.07930515857181443,-0.07930515857181443,-0.07930515857181443,0.0,0.0,0.0,1.0
S0027,1.1635528231950127,-1.107976973624353,-0.6009068677691101,1.5104321051667373,-0.1125087900926024,-0.07930515857181443,-0.07930515857181443,-0.07930515857181443,0.0,0.0,1.0,0.0
S0120,-0.2757512935136562,-0.6001835802382718,-1.4461064386189046,1.383804315370207,-0.1125087900926024,-0.07930515857181443,-0.07930515857181443,-0.07930515857181443,0.0,1.0,0.0,0.0
S0004,-0.054319890943091746,1.0360395762279908,1.0958360285278006,0.9406070510823512,8.888194417315589,-0.07930515857181443,-0.07930515857181443,-0.07930515857181443,0.0,1.0,0.0,0.0
S0032,-1.5489818582944017,0.3589817183798824,-0.35519210636619253,-0.07241526728989055,-0.1125087900926024,-0.07930515857181443,-0.07930515857181443,-0.07930515857181443,1.0,0.0,0.0,0.0
S0142,-0.8846876505827084,-0.8258695328543078,0.3870271815204172,1.5737460000650023,-0.1125087900926024,-0.07930515857181443,-0.07930515857181443,-0.07930515857181443,0.0,0.0,0.0,1.0
S0145,1.274268524480295,1.318147016998036,-0.6131714599905982,-1.2120653754586626,-0.1125087900926024,-0.07930515857181443,-0.07930515857181443,-0.07930515857181443,1.0,0.0,0.0,0.0
S0109,0.7206900180538838,0.07687427760983709,-0.2365638953962814,-1.2753792703569276,-0.1125087900926024,-0.07930515857181443,-0.07930515857181443,-0.07930515857181443,0.0,1.0,0.0,0.0
S0144,1.7724891802640648,0.4154032065338913,0.9818599042625918,-1.1487514805603973,-0.1125087900926024,-0.07930515857181443,-0.07930515857181443,-0.07930515857181443,0.0,0.0,1.0,0.0
S0010,0.056395810342190475,-0.09239018685219,1.1241714657291697,-1.465320955051723,-0.1125087900926024,-0.07930515857181443,-0.07930515857181443,-0.07930515857181443,0.0,0.0,1.0,0.0
S0062,-0.5525405467268617,-0.8258695328543078,-1.830749425703162,-1.2120653754586626,-0.1125087900926024,-0.07930515857181443,-0.07930515857181443,-0.07930515857181443,0.0,1.0,0.0,0.0
S0112,0.16711151162747268,-0.938712509162326,0.7321274316147041,-0.325670846882951,-0.1125087900926024,-0.07930515857181443,-0.07930515857181443,-0.07930515857181443,0.0,1.0,0.0,0.0
S0146,-1.770413260864966,0.4154032065338913,0.00851649054690397,1.7636876847597978,-0.1125087900926024,-0.07930515857181443,-0.07930515857181443,-0.07930515857181443,1.0,0.0,0.0,0.0
S0166,-0.7186140986547851,-0.6566050683922806,0.30625003964785735,0.49740978679449543,-0.1125087900926024,-0.07930515857181443,-0.07930515857181443,-0.07930515857181443,0.0,1.0,0.0,0.0
S0000,-0.054319890943091746,1.4874114814600636,0.3195719243022324,-1.5919487448482532,8.888194417315589,-0.07930515857181443,-0.07930515857181443,-0.07930515857181443,0.0,0.0,0.0,1.0
S0198,-0.6632562480121439,1.0360395762279908,-0.7937570075276822,1.7003737898615325,-0.1125087900926024,-0.07930515857181443,-0.07930515857181443,-0.07930515857181443,0.0,0.0,0.0,1.0
S0153,-0.8293297999400673,-0.7694480447002988,1.5033165321624151,-0.13572916218815564,-0.1125087900926024,-0.07930515857181443,-0.07930515857181443,-0.07930515857181443,0.0,0.0,0.0,1.0
S0070,1.0528371219097303,-0.6566050683922806,1.5637936593235462,-0.00910137239162543,-0.1125087900926024,-0.07930515857181443,-0.07930515857181443,-0.07930515857181443,1.0,0.0,0.0,0.0
S0123,-0.16503559222837397,1.6002544577680813,-1.517790865568637,-1.1487514805603973,-0.1125087900926024,-0.07930515857181443,-0.07930515857181443,-0.07930515857181443,0.0,0.0,1.0,0.0
S0064,-0.38646699479893837,0.24613874207186417,0.25000208221827386,1.3204904204719419,-0.1125087900926024,-0.07930515857181443,-0.07930515857181443,-0.07930515857181443,1.0,0.0,0.0,0.0
S0044,-1.659697559579684,-0.03596869869818114,0.8896640041148535,-1.5919487448482532,-0.1125087900926024,-0.07930515857181443,-0.07930515857181443,-0.07930515857181443,1.0,0.0,0.0,0.0
S0163,-0.38646699479893837,-1.107976973624353,1.5033165321624151,-0.895495900967337,-0.1125087900926024,-0.07930515857181443,-0.07930515857181443,-0.07930515857181443,1.0,0.0,0.0,0.0
S0028,0.11175366098483158,-1.2772414380863806,-0.09192629057735233,1.383804315370207,-0.1125087900926024,-0.07930515857181443,-0.07930515857181443,-0.07930515857181443,1.0,0.0,0.0,0.0
S0040,-1.272192605081196,0.020452789455828225,0.521514778983632,-0.6422403213742766,-0.1125087900926024,-0.07930515857181443,-0.07930515857181443,-0.07930515857181443,1.0,0.0,0.0,0.0
S0108,-0.16503559222837397,-1.2208199499323713,-0.199770118731817,-0.325670846882951,-0.1125087900926024,-0.07930515857181443,-0.07930515857181443,-0.07930515857181443,0.0,0.0,0.0,1.0
S0155,0.5546164661259605,0.923196599919973,-0.3403900123057758,0.49740978679449543,-0.1125087900926024,-0.07930515857181443,-0.07930515857181443,-0.07930515857181443,1.0,0.0,0.0,0.0
S0156,-1.4382661570091195,1.1488825525360096,0.7682868328194363,-0.19904305708642075,-0.1125087900926024,-0.07930515857181443,-0.07930515857181443,-0.07930515857181443,0.0,1.0,0.0,0.0
S0025,0.49925861548331935,0.07687427760983709,-1.1003718130648856,-1.3386931652551928,-0.1125087900926024,-0.07930515857181443,-0.07930515857181443,-0.07930515857181443,0.0,1.0,0.0,0.0
S0023,1.5510577776935004,-0.20523316316020823,-0.41820673536625225,0.6240375765910257,-0.1125087900926024,-0.07930515857181443,-0.07930515857181443,-0.07930515857181443,0.0,0.0,0.0,1.0
S0184,-0.054319890943091746,0.3025602302258735,-0.19131177926872173,0.4340958918962303,-0.1125087900926024,-0.07930515857181443,-0.07930515857181443,-0.07930515857181443,1.0,0.0,0.0,0.0
S0147,-1.0507612025106317,-0.20523316316020823,-0.7973518017994976,-1.1487514805603973,-0.1125087900926024,-0.07930515857181443,-0.07930515857181443,-0.07930515857181443,1.0,0.0,0.0,0.0
S0081,-0.2757512935136562,1.4309899933060548,-1.4524501932162261,1.3204904204719419,-0.1125087900926024,-0.07930515857181443,-0.07930515857181443,-0.07930515857181443,0.0,0.0,0.0,1.0
S0039,0.44390076484067825,-1.3336629262403894,1.5504717746691712,1.5737460000650023,-0.1125087900926024,-0.07930515857181443,-0.07930515857181443,-0.07930515857181443,0.0,0.0,0.0,1.0
S0168,-0.6632562480121439,-1.2208199499323713,-1.4431460198068213,1.5737460000650023,-0.1125087900926024,-0.07930515857181443,-0.07930515857181443,-0.07930515857181443,0.0,0.0,0.0,1.0
S0047,1.3849842257655771,0.13329576576384594,0.020569624281814726,-1.465320955051723,-0.1125087900926024,-0.07930515857181443,-0.07930515857181443,-0.07930515857181443,1.0,0.0,0.0,0.0
S0094,1.4403420764082182,-1.107976973624353,-1.627537820102298,1.0039209459806164,-0.1125087900926024,-0.07930515857181443,-0.07930515857181443,-0.07930515857181443,0.0,0.0,1.0,0.0
S0154,-0.2757512935136562,-0.8258695328543078,0.09288842669127927,1.1305487357771467,-0.1125087900926024,-0.07930515857181443,-0.07930515857181443,-0.07930515857181443,0.0,0.0,1.0,0.0
S0043,-0.6078983973695028,0.3025602302258735,-0.18137323039958478,-1.528634849949988,-0.1125087900926024,-0.07930515857181443,-0.07930515857181443,-0.07930515857181443,0.0,0.0,1.0,0.0
S0138,-0.6078983973695028,-1.559348878856426,0.7710357931449423,-0.00910137239162543,-0.1125087900926024,-0.07930515857181443,-0.07930515857181443,-0.07930515857181443,1.0,0.0,0.0,0.0
S0003,-0.2757512935136562,1.6566759459220912,-1.4630231175450952,0.05421252250663968,-0.1125087900926024,-0.07930515857181443,-0.07930515857181443,12.609520212918493,0.0,0.0,0.0,1.0
S0105,0.9974792712670894,-0.8258695328543078,0.12968220335574368,0.8772931561840861,-0.1125087900926024,-0.07930515857181443,-0.07930515857181443,-0.07930515857181443,0.0,1.0,0.0,0.0
S0053,-0.16503559222837397,0.24613874207186417,1.015693262114973,-0.7688681111708068,-0.1125087900926024,-0.07930515857181443,-0.07930515857181443,-0.07930515857181443,0.0,0.0,0.0,1.0
S0133,0.16711151162747268,0.4154032065338913,0.9044660981752701,0.6240375765910257,-0.1125087900926024,-0.07930515857181443,-0.07930515857181443,-0.07930515857181443,1.0,0.0,0.0,0.0
S0180,1.5510577776935004,-1.4465059025484077,1.287840334340063,0.4340958918962303,-0.1125087900926024,-0.07930515857181443,-0.07930515857181443,-0.07930515857181443,1.0,0.0,0.0,0.0
S0178,1.4403420764082182,1.374568505152046,-0.9582717100848851,-0.3889847417812161,-0.1125087900926024,-0.07930515857181443,-0.07930515857181443,-0.07930515857181443,0.0,0.0,1.0,0.0
S0185,-0.2757512935136562,-0.20523316316020823,0.2159572658793154,0.6240375765910257,-0.1125087900926024,-0.07930515857181443,-0.07930515857181443,-0.07930515857181443,0.0,0.0,1.0,0.0
S0049,0.9974792712670894,-1.559348878856426,1.179150672239289,0.49740978679449543,-0.1125087900926024,-0.07930515857181443,-0.07930515857181443,-0.07930515857181443,0.0,1.0,0.0,0.0
S0080,1.6064156283361415,1.374568505152046,0.7160565866348231,-1.3386931652551928,-0.1125087900926024,-0.07930515857181443,-0.07930515857181443,-0.07930515857181443,0.0,0.0,0.0,1.0
S0034,1.3849842257655771,0.3589817183798824,-1.2839177794140528,1.3204904204719419,-0.1125087900926024,-0.07930515857181443,-0.07930515857181443,-0.07930515857181443,0.0,1.0,0.0,0.0
S0007,0.6653321674112427,-0.71302655654629,-0.05809293272497126,-1.2120653754586626,-0.1125087900926024,-0.07930515857181443,-0.07930515857181443,-0.07930515857181443,1.0,0.0,0.0,0.0
S0110,-0.8846876505827084,0.7539321354579455,0.5528106349970844,1.0672348408788814,-0.1125087900926024,-0.07930515857181443,-0.07930515857181443,-0.07930515857181443,1.0,0.0,0.0,0.0
S0091,1.0528371219097303,-0.8258695328543078,0.9814369872894371,0.8772931561840861,-0.1125087900926024,-0.07930515857181443,-0.07930515857181443,-0.07930515857181443,1.0,0.0,0.0,0.0
S0083,1.1635528231950127,-0.5437620920842624,1.587477009820213,-1.0854375856621323,-0.1125087900926024,-0.07930515857181443,-0.07930515857181443,-0.07930515857181443,1.0,0.0,0.0,0.0
S0176,0.7760478686965249,-0.5437620920842624,-0.39262025849038906,-1.2753792703569276,-0.1125087900926024,-0.07930515857181443,-0.07930515857181443,-0.07930515857181443,0.0,0.0,1.0,0.0
S0181,-1.3275504557238373,-0.9951339973163353,0.39654281341639935,0.813979261285821,-0.1125087900926024,-0.07930515857181443,-0.07930515857181443,-0.07930515857181443,0.0,0.0,0.0,1.0
S0089,1.1635528231950127,-0.71302655654629,0.9351275787289905,-0.7055542162725417,-0.1125087900926024,-0.07930515857181443,-0.07930515857181443,-0.07930515857181443,0.0,1.0,0.0,0.0
S0008,-1.1614769037959138,-1.2772414380863806,1.617504114914201,-0.2623569519846859,-0.1125087900926024,-0.07930515857181443,-0.07930515857181443,-0.07930515857181443,1.0,0.0,0.0,0.0
S0013,0.886763569981807,0.3589817183798824,-0.5357776539032765,-0.6422403213742766,-0.1125087900926024,-0.07930515857181443,-0.07930515857181443,-0.07930515857181443,0.0,0.0,1.0,0.0
S0059,0.6099743167686016,0.9796180880739819,-0.8946227056250932,1.1938626306754117,-0.1125087900926024,-0.07930515857181443,-0.07930515857181443,-0.07930515857181443,0.0,0.0,1.0,0.0
S0171,-1.5489818582944017,-1.0515554854703442,1.6902458342968205,-0.13572916218815564,-0.1125087900926024,-0.07930515857181443,-0.07930515857181443,-0.07930515857181443,1.0,0.0,0.0,0.0
S0131,0.16711151162747268,-0.20523316316020823,-0.4118629807689308,0.813979261285821,-0.1125087900926024,-0.07930515857181443,-0.07930515857181443,-0.07930515857181443,1.0,0.0,0.0,0.0
S0017,-1.4382661570091195,0.8103536236119553,-0.9747654720379209,-1.2753792703569276,-0.1125087900926024,-0.07930515857181443,-0.07930515857181443,-0.07930515857181443,1.0,0.0,0.0,0.0
S0072,-0.16503559222837397,-0.7694480447002988,0.39337093611773866,-1.2120653754586626,-0.1125087900926024,-0.07930515857181443,-0.07930515857181443,-0.07930515857181443,1.0,0.0,0.0,0.0
S0175,-0.22039344287101506,-0.2616546513142171,1.5589301141322665,-0.8321820060690719,-0.1125087900926024,-0.07930515857181443,-0.07930515857181443,-0.07930515857181443,0.0,0.0,1.0,0.0
S0134,1.0528371219097303,1.5438329696140725,-1.1902416698602727,-0.07241526728989055,-0.1125087900926024,-0.07930515857181443,-0.07930515857181443,-0.07930515857181443,1.0,0.0,0.0,0.0
S0167,-1.272192605081196,-1.107976973624353,-0.1870826095371741,-0.5156125315777463,-0.1125087900926024,-0.07930515857181443,-0.07930515857181443,-0.07930515857181443,0.0,0.0,1.0,0.0
S0183,0.6653321674112427,-0.7694480447002988,-1.5097554430786966,0.6240375765910257,-0.1125087900926024,-0.07930515857181443,-0.07930515857181443,-0.07930515857181443,1.0,0.0,0.0,0.0
S0063,1.6617734789787826,-1.5029273907024165,-1.2118104354911656,1.0672348408788814,-0.1125087900926024,-0.07930515857181443,-0.07930515857181443,-0.07930515857181443,1.0,0.0,0.0,0.0
S0054,-0.054319890943091746,-1.2208199499323713,0.08569883814764828,-0.6422403213742766,-0.1125087900926024,-0.07930515857181443,-0.07930515857181443,-0.07930515857181443,0.0,1.0,0.0,0.0
S0107,0.5546164661259605,0.6975106473039365,0.15738326509738068,-1.022123690763867,-0.1125087900926024,-0.07930515857181443,-0.07930515857181443,-0.07930515857181443,0.0,0.0,0.0,1.0
S0050,0.886763569981807,1.2053040406900184,-0.15050029135928705,1.7636876847597978,-0.1125087900926024,-0.07930515857181443,-0.07930515857181443,-0.07930515857181443,1.0,0.0,0.0,0.0
S0196,-0.6632562480121439,1.7130974340761,1.622367660105481,0.1808403123031699,-0.1125087900926024,-0.07930515857181443,-0.07930515857181443,-0.07930515857181443,1.0,0.0,0.0,0.0
S0058,0.831405719339166,0.8667751117659642,-1.6926670339681316,0.6873514714892908,-0.1125087900926024,-0.07930515857181443,-0.07930515857181443,-0.07930515857181443,1.0,0.0,0.0,0.0
S0048,0.6099743167686016,-0.14881167500619938,1.5933978474443797,1.2571765255736769,-0.1125087900926024,-0.07930515857181443,-0.07930515857181443,-0.07930515857181443,1.0,0.0,0.0,0.0
S0088,0.9421214206244483,0.923196599919973,-0.3135347845104483,-1.5919487448482532,-0.1125087900926024,-0.07930515857181443,-0.07930515857181443,-0.07930515857181443,1.0,0.0,0.0,0.0
S0021,-0.5525405467268617,0.5846676709959189,-0.19258053018818602,0.6873514714892908,-0.1125087900926024,-0.07930515857181443,-0.07930515857181443,-0.07930515857181443,0.0,1.0,0.0,0.0
S0057,-1.3275504557238373,0.6410891591499277,0.38131780238282786,-1.4020070601534578,-0.1125087900926024,-0.07930515857181443,-0.07930515857181443,-0.07930515857181443,1.0,0.0,0.0,0.0
S0160,1.7724891802640648,-1.107976973624353,-1.3097157147764935,-1.0854375856621323,-0.1125087900926024,-0.07930515857181443,-0.07930515857181443,-0.07930515857181443,1.0,0.0,0.0,0.0
S0192,0.333185063555396,1.4874114814600636,0.7130961678227398,-0.9588097958656021,-0.1125087900926024,-0.07930515857181443,-0.07930515857181443,-0.07930515857181443,0.0,1.0,0.0,0.0
S0129,0.44390076484067825,-1.2772414380863806,0.4735137025305663,0.3707819969979652,-0.1125087900926024,-0.07930515857181443,-0.07930515857181443,-0.07930515857181443,1.0,0.0,0.0,0.0
S0037,1.1635528231950127,0.020452789455828225,-0.8622695571787538,-0.9588097958656021,-0.1125087900926024,-0.07930515857181443,-0.07930515857181443,-0.07930515857181443,0.0,1.0,0.0,0.0
S0157,0.16711151162747268,-1.2772414380863806,-0.5423328669871753,0.5607236816927605,-0.1125087900926024,-0.07930515857181443,-0.07930515857181443,-0.07930515857181443,0.0,0.0,0.0,1.0
S0193,-0.5525405467268617,-1.2772414380863806,1.0935099851754493,-0.13572916218815564,-0.1125087900926024,-0.07930515857181443,-0.07930515857181443,-0.07930515857181443,1.0,0.0,0.0,0.0
S0001,0.9421214206244483,0.020452789455828225,0.9218056940746154,-0.5789264264760114,-0.1125087900926024,12.609520212918493,-0.07930515857181443,-0.07930515857181443,1.0,0.0,0.0,0.0
S0052,-0.5525405467268617,-1.1643984617783625,-1.2120218939777432,1.7003737898615325,-0.1125087900926024,-0.07930515857181443,-0.07930515857181443,-0.07930515857181443,1.0,0.0,0.0,0.0
S0149,-1.715055410222325,-0.14881167500619938,-1.377593888967833,-0.6422403213742766,-0.1125087900926024,-0.07930515857181443,-0.07930515857181443,-0.07930515857181443,0.0,0.0,0.0,1.0
S0130,0.16711151162747268,-1.1643984617783625,0.7361451428596744,0.24415420720143502,-0.1125087900926024,-0.07930515857181443,-0.07930515857181443,-0.07930515857181443,1.0,0.0,0.0,0.0
S0151,-0.8846876505827084,1.318147016998036,-1.4139647486591427,-0.5789264264760114,-0.1125087900926024,-0.07930515857181443,-0.07930515857181443,-0.07930515857181443,1.0,0.0,0.0,0.0
S0103,-1.8811289621502483,-1.107976973624353,-1.3270553106758387,1.447118210268472,-0.1125087900926024,-0.07930515857181443,-0.07930515857181443,-0.07930515857181443,0.0,1.0,0.0,0.0
S0099,-1.3829083063664784,-0.5437620920842624,-1.609140931770066,0.49740978679449543,-0.1125087900926024,-0.07930515857181443,-0.07930515857181443,-0.07930515857181443,1.0,0.0,0.0,0.0
S0116,-1.770413260864966,-1.1643984617783625,-0.04519396504375098,0.24415420720143502,-0.1125087900926024,-0.07930515857181443,-0.07930515857181443,-0.07930515857181443,0.0,0.0,0.0,1.0
S0087,-0.7739719492974262,-1.2772414380863806,0.23604582210416666,-0.9588097958656021,-0.1125087900926024,-0.07930515857181443,-0.07930515857181443,-0.07930515857181443,0.0,0.0,0.0,1.0
S0074,0.6099743167686016,-1.0515554854703442,0.34029485598681586,0.813979261285821,-0.1125087900926024,-0.07930515857181443,-0.07930515857181443,-0.07930515857181443,1.0,0.0,0.0,0.0
S0121,0.5546164661259605,0.020452789455828225,1.4851311023167602,0.3707819969979652,-0.1125087900926024,-0.07930515857181443,-0.07930515857181443,-0.07930515857181443,0.0,1.0,0.0,0.0
S0199,1.6617734789787826,0.5846676709959189,-0.32410770883931744,0.1808403123031699,-0.1125087900926024,-0.07930515857181443,-0.07930515857181443,-0.07930515857181443,1.0,0.0,0.0,0.0
S0020,-0.054319890943091746,0.3589817183798824,-0.3562493987990794,-1.528634849949988,-0.1125087900926024,-0.07930515857181443,-0.07930515857181443,-0.07930515857181443,0.0,1.0,0.0,0.0
S0188,-1.0507612025106317,0.13329576576384594,0.053980065161041035,-0.7688681111708068,-0.1125087900926024,-0.07930515857181443,-0.07930515857181443,-0.07930515857181443,1.0,0.0,0.0,0.0
S0071,-1.216834754438555,0.13329576576384594,0.31259379424517886,-0.895495900967337,-0.1125087900926024,-0.07930515857181443,-0.07930515857181443,-0.07930515857181443,0.0,0.0,1.0,0.0
S0106,0.9974792712670894,-1.1643984617783625,-1.9318265822871503,-0.19904305708642075,-0.1125087900926024,-0.07930515857181443,-0.07930515857181443,-0.07930515857181443,0.0,0.0,1.0,0.0
S0014,0.7760478686965249,-0.9951339973163353,0.5781856533863702,1.0672348408788814,-0.1125087900926024,-0.07930515857181443,-0.07930515857181443,-0.07930515857181443,1.0,0.0,0.0,0.0
S0092,1.2189106738376538,-1.2208199499323713,1.4857654777764924,0.1808403123031699,-0.1125087900926024,-0.07930515857181443,-0.07930515857181443,-0.07930515857181443,0.0,0.0,0.0,1.0
S0179,-0.054319890943091746,1.2617255288440272,1.1865517192694974,0.3707819969979652,-0.1125087900926024,-0.07930515857181443,-0.07930515857181443,-0.07930515857181443,0.0,1.0,0.0,0.0
S0102,1.0528371219097303,0.07687427760983709,-1.3401657368436364,-0.8321820060690719,-0.1125087900926024,-0.07930515857181443,-0.07930515857181443,-0.07930515857181443,0.0,0.0,0.0,1.0
