seller_id,seller_state,orders,merchandise_value_brl,late_delivery_rate_pct,average_review_score,operational_status
54965bbe3e4f07ae045b90b0b8541f52,PR,78,10961.3,28.21,2.9,review_priority
a49928bcdf77c55c6d6e05e09a9b4ca5,SP,98,8816.7,25.51,3.01,review_priority
2a1348e9addc1af5aaa619b1a3679d6b,MG,51,2793.1,25.49,3.12,review_priority
cac4c8e7b1ca6252d8f20b2fc1a2e4af,SP,75,4168.18,22.67,3.51,review_priority
ea566164622c6b439516ab18062c42cd,SP,50,10309.42,22.0,3.78,review_priority
6039e27294dc75811c0d8a39069f52c0,SP,64,13670.7,21.88,3.69,review_priority
712e6ed8aa4aa1fa65dab41fed5737e4,SC,79,39815.0,21.52,3.35,review_priority
1ca7077d890b907f89be8c954a02686a,SP,115,13341.57,20.87,2.32,review_priority
88460e8ebdecbfecb5f9601833981930,PR,247,31396.65,19.43,3.41,review_priority
602044f2c16190c2c6e45eb35c2e21cb,SP,50,3739.16,18.0,3.1,review_priority
beadbee30901a7f61d031b6b686095ad,SP,64,4373.98,25.0,3.91,monitor
06a2c3af7b3aee5d69171b0e14f0ee87,MA,392,36408.95,22.96,3.97,monitor
d13e50eaa47b4cbe9eb81465865d8cfc,SP,67,7155.05,20.9,4.82,monitor
2a261b5b644fa05f4f2700eb93544f2c,SP,51,5355.0,19.61,3.84,monitor
e5a3438891c0bfdb9394643f95273d8e,SP,223,7711.05,17.94,3.9,monitor
cd68562d3f44870c08922d380acae552,SP,124,18370.7,17.74,3.95,monitor
002100f778ceb8431b7a1020ff7ab48f,SP,51,1234.5,17.65,3.9,monitor
b17b679f4f5ce2e03ce6968c62648246,SP,53,3861.95,16.98,3.81,monitor
d20b021d3efdf267a402c402a48ea64b,SP,89,4060.18,16.85,3.72,monitor
891071be6ba827b591264c90c2ae8a63,SP,91,4147.29,16.48,3.8,monitor
8e6d7754bc7e0f22c96d255ebda59eba,SP,85,14497.27,16.47,3.58,monitor
8160255418d5aaa7dbdc9f4c64ebda44,SP,385,47017.69,16.36,3.93,monitor
6973a06f484aacf400ece213dbf3d946,SP,92,10666.59,16.3,3.65,monitor
abe42c5d03695b4257b5c6cbf4e6784e,RJ,50,17159.0,16.0,3.88,monitor
bbad7e518d7af88a0897397ffdca1979,SP,69,4462.22,15.94,3.13,monitor
adbc26658d6c7b4b6219f9d934598091,PR,88,11806.4,15.91,4.13,monitor
2c9e548be18521d1c43cde1c582c6de8,SP,126,6109.44,15.87,4.08,monitor
11bfa66332777660bd0640ee84d47006,SP,76,3925.87,15.79,3.92,monitor
0b35c634521043bf4b47e21547b99ab5,PR,51,13533.65,15.69,3.31,monitor
a6fe7de3d16f6149ffe280349a8535a0,SP,51,2904.8,15.69,3.92,monitor
dd7ddc04e1b6c2c614352b383efe2d36,SP,122,9178.51,15.57,3.83,monitor
f7ba60f8c3f99e7ee4042fdef03b70c4,SP,219,68395.0,15.53,4.21,monitor
431af27f296bc6519d890aa5a05fdb11,SP,117,13109.5,15.38,3.75,monitor
ba143b05f0110f0dc71ad71b4466ce92,SP,85,6110.58,15.29,4.38,monitor
8f2ce03f928b567e3d56181ae20ae952,SP,153,21712.9,15.03,4.08,monitor
05f51e13da97139648b8125c31e5f51b,MG,60,13769.01,15.0,4.07,monitor
a888faf2d1baececa6baf9c3d603ee1f,PR,54,17765.8,14.81,4.04,monitor
75d34ebb1bd0bd7dde40dd507b8169c3,BA,61,14928.29,14.75,3.79,monitor
23613d49c3ac2bd302259e55c06c050c,SP,70,4293.0,14.29,3.81,monitor
b561927807645834b59ef0d16ba55a24,SP,85,4501.99,14.12,4.34,monitor
50c9975695009e5e6473912e83a6d1da,MG,50,3964.4,14.0,3.88,monitor
c31eff8334d6b3047ed34bebd4d62c36,SP,122,13191.5,13.93,3.83,monitor
f3da5b2ff499efb8d4a6d371d175d7dd,SP,79,3702.29,13.92,3.8,monitor
7ad32824caee82087b3e2e5f33b1bf32,SP,151,22505.1,13.91,3.79,monitor
1eade46fba20122dc4aefb379f8c636b,SP,58,3635.37,13.79,4.43,monitor
b2479f944e1b90cf8a5de1bbfde284d6,SP,102,4716.52,13.73,3.46,monitor
048c2757535328e0d7dac690ad3c0aae,SP,51,9264.78,13.73,4.12,monitor
900ba814c251a692506d7834c1218441,SP,88,29099.69,13.64,4.17,monitor
fffd5413c0700ac820c7069d66d98c89,SP,59,8962.5,13.56,3.92,monitor
7681ef142fd2c19048da7430856b5588,SP,59,31941.81,13.56,4.12,monitor
855668e0971d4dfd7bef1b6a4133b41b,SP,310,31918.21,13.55,3.76,monitor
6fd52c528dcb38be2eea044946b811f8,SP,67,7743.02,13.43,3.36,monitor
2e90cb1677d35cfe24eef47d441b7c87,SP,127,13894.71,13.39,4.12,monitor
7aa4334be125fcdd2ba64b3180029f14,SP,217,16234.81,13.36,4.09,monitor
f84fa566034f5e8e880a07ec624c56af,SP,91,5093.79,13.19,4.18,monitor
440dd6ab244315c632130ecfb63827b1,SP,93,13526.9,12.9,3.85,monitor
e62b2d6ac10570a035a30bafcf01d263,SP,62,5340.39,12.9,3.85,monitor
06579cb253ecd5a3a12a9e6eb6bf8f47,SP,62,4727.2,12.9,4.08,monitor
2eb70248d66e0e3ef83659f71b244378,SP,202,42628.61,12.87,2.66,monitor
59b22a78efb79a4797979612b885db36,MG,125,27184.5,12.8,3.96,monitor
7e1fb0a3ebfb01ffb3a7dae98bf3238d,SP,157,27049.53,12.74,4.14,monitor
a416b6a846a11724393025641d4edd5e,SP,157,24930.24,12.74,4.19,monitor
3df020b72d3d44b3af9d110fa3940b65,SP,55,5039.9,12.73,4.05,monitor
5058e8c1e82653974541e83690655b4a,SP,63,10022.82,12.7,3.21,monitor
b33e7c55446eabf8fe1a42d037ac7d6d,SP,152,44985.17,12.5,4.16,monitor
b499c00f28f4b7069ff6550af8c1348a,SP,152,10327.13,12.5,4.12,monitor
b1fc4f64df5a0e8b6913ab38803c57a9,RJ,107,7994.74,12.15,3.82,monitor
643214e62b870443ccbe55ab29a4dccf,SP,66,3270.13,12.12,4.41,monitor
f46490624488d3ff7ce78613913a7711,SP,83,5802.85,12.05,3.66,monitor
7d13fca15225358621be4086e1eb0964,SP,565,113628.97,12.04,4.01,monitor
165fc07beebdcb6190fba8a06db2a449,PR,50,17481.4,12.0,3.8,monitor
23d7c96d4a1160db1c726b248601b25a,SP,50,10658.24,12.0,3.84,monitor
7e3f87d16fb353f408d467e74fbd8014,SP,92,4754.99,11.96,4.13,monitor
0dd184061fb0eaa7ca37932c68ab91c5,SP,161,18446.92,11.8,4.01,monitor
0d85bbda9889ce1f7e63778d24f346eb,MG,51,4845.2,11.76,4.14,monitor
3db66a856d18a9cba7c9241fc5221c50,MG,94,9478.3,11.7,4.2,monitor
04308b1ee57b6625f47df1d56f00eedf,SC,94,60130.6,11.7,3.88,monitor
cfb1a033743668a192316f3c6d1d2671,SP,146,12753.74,11.64,3.98,monitor
1835b56ce799e6a4dc4eddc053f04066,SP,423,33344.21,11.58,3.62,monitor
34056b8b55c1775a22af2331670a799c,SP,78,6455.4,11.54,4.0,monitor
4869f7a5dfa277a7dca6462dcf3b52b2,SP,1131,229237.63,11.49,4.13,monitor
729f06993dac8e860d4f02d7088ca48a,SP,96,20485.08,11.46,4.14,monitor
897060da8b9a21f655304d50fd935913,SP,316,22723.92,11.39,3.61,monitor
7d76b645482be4a332374e8223836592,SP,176,3843.93,11.36,3.95,monitor
77530e9772f57a62c906e1c21538ab82,PR,319,46470.5,11.29,4.1,monitor
8b28d096634035667e8263d57ba3368c,SP,142,9287.8,11.27,3.96,monitor
c3867b4666c7d76867627c2f7fb22e21,SP,240,36485.5,11.25,3.93,monitor
f84a00e60c73a49e7e851c9bdca3a5bb,RJ,90,5949.94,11.11,3.83,monitor
d9bd94811c3338dceb4181f3dbc0c73e,SP,54,6911.02,11.11,4.8,monitor
a673821011d0cec28146ea42f5ab767f,SP,127,13625.7,11.02,3.92,monitor
ce248b21cb2adc36282ede306b7660e5,SC,64,13560.19,10.94,4.23,monitor
b14db04aa7881970e83ffa9426897925,SP,83,5898.6,10.84,3.65,monitor
972d0f9cf61b499a4812cf0bfa3ad3c4,SC,83,8089.29,10.84,2.98,monitor
aba1721a889e04decc910aa13b768ef4,SP,83,14103.3,10.84,4.45,monitor
4a3ca9315b744ce9f8e9374361493884,SP,1804,200326.12,10.81,3.81,monitor
70a12e78e608ac31179aea7f8422044b,SP,315,30858.53,10.79,3.78,monitor
e9d99831abad74458942f21e16f33f92,SP,130,4922.48,10.77,3.92,monitor
056b4ada5bbc2c50cc7842547dda6b51,RJ,65,12333.39,10.77,4.12,monitor
99eaacc9e6046db1c82b163c5f84869f,SP,65,12880.27,10.77,3.92,monitor
f27e33c6d29b5138fa9967bcd445b6d5,SP,93,8888.3,10.75,4.1,monitor
16090f2ca825584b5a147ab24aa30c86,SP,402,25716.44,10.7,4.05,monitor
e9bc59e7b60fc3063eb2290deda4cced,PR,215,34262.06,10.7,4.0,monitor
1f50f920176fa81dab994f9023523100,SP,1403,106889.31,10.55,4.13,monitor
f5a590cf36251cf1162ea35bef76fe84,SP,114,51717.78,10.53,4.28,monitor
8648b1e89e9b349e32d3741b30ec737e,SP,95,7442.55,10.53,4.08,monitor
4e922959ae960d389249c378d1c939f5,SP,420,46030.37,10.48,3.95,monitor
8d956fec2e4337affcb520f56fd8cbfd,SP,210,10988.2,10.48,4.21,monitor
522620dcb18a6b31cd7bdf73665113a9,PR,174,57168.49,10.34,3.86,monitor
ea8482cd71df3c1969d7b9473ff13abc,SP,1145,37147.53,10.31,3.99,monitor
8b321bb669392f5163d04c59e235e066,SP,943,17535.69,10.29,4.07,monitor
f0b47fbbc6dee9aafe415a6e33051b3f,SP,68,3795.91,10.29,4.22,monitor
391fc6631aebcf3004804e51b40bcf1e,SP,526,39951.95,10.27,4.02,monitor
9c0e69c7bf2619675bbadf47b43f655a,SP,156,33631.78,10.26,4.12,monitor
c9c7905cffc4ef9ff9f113554423e671,SP,127,10657.18,10.24,4.14,monitor
1900267e848ceeba8fa32d80c1a5f5a8,SP,411,24982.53,10.22,3.8,monitor
ececbfcff9804a2d6b40f589df8eef2b,SP,98,6792.4,10.2,4.11,monitor
fd386aa7bed2af3c7035c65506c9b4a3,SP,69,2304.15,10.14,4.35,monitor
d673a59aac7a70d8b01e6902bf090a11,SP,79,3908.94,10.13,3.91,monitor
634964b17796e64304cadf1ad3050fb7,RJ,267,39357.1,10.11,4.03,monitor
fa1c13f2614d7b5c4749cbc52fecda94,SP,584,192842.13,10.1,4.33,monitor
37515688008a7a40ac93e3b2e4ab203f,SP,228,5986.6,10.09,4.07,monitor
1025f0e2d44d7041d6cf58b6550e0bfa,SP,915,138968.55,10.05,3.97,monitor
a3e9a2c700480d9bb01fba070ba80a0e,SP,130,13440.8,10.0,3.95,monitor
527801b552d0077ffd170872eb49683b,SP,90,17942.8,10.0,4.43,monitor
e59aa562b9f8076dd550fcddf0e73491,PR,70,31574.3,10.0,4.21,monitor
f7ccf836d21b2fb1de37564105216cc1,SP,70,2787.4,10.0,3.73,monitor
5343d0649eca2a983820bfe93fc4d17e,SP,70,9819.02,10.0,3.83,monitor
7c67e1448b00f6e969d365cea6b010ab,SP,982,187923.89,9.98,3.48,monitor
4c2b230173bb36f9b240f2b8ac11786e,SP,261,14592.27,9.96,3.93,monitor
827f8f69dfa529c561901c4f2e0f332f,PR,91,3408.39,9.89,4.21,monitor
8581055ce74af1daba164fdbd55a40de,SP,385,64549.42,9.87,4.26,monitor
620c87c171fb2a6dd6e8bb4dec959fc6,RJ,732,113659.4,9.84,4.26,monitor
de23c3b98a88888289c6f5cc1209054a,SP,163,26220.67,9.82,4.28,monitor
1d8dbc4f32378d715c717c1c1fc57bae,PR,92,11315.89,9.78,4.0,monitor
318f287a62ab7ac10b703ac37435a231,SP,52,2517.48,9.62,3.87,monitor
7040e82f899a04d1b434b795a43b4617,SP,209,9248.6,9.57,3.63,monitor
54a1852d1b8f10312c55e906355666ee,SP,200,17226.44,9.5,4.31,monitor
6860153b69cc696d5dcfe1cdaaafcf62,SP,74,3827.63,9.46,4.05,monitor
1336efc61c316ddf92c899eb817f7cae,SP,74,4837.31,9.46,4.0,monitor
6a8b085f816a1f75f92dbac6eb545f8f,SP,127,6018.97,9.45,4.11,monitor
f262cbc1c910c83959f849465454ddd3,SP,191,10459.84,9.42,4.14,monitor
c826c40d7b19f62a09e2d7c5e7295ee2,SP,354,45643.74,9.32,4.07,monitor
218d46b86c1881d022bce9c68a7d4b15,SP,387,54699.3,9.3,4.14,monitor
e067ad2c1c0b48758eb1b5228bcf7a68,SP,54,5042.55,9.26,4.15,monitor
4a3ccda38b2129705f3fb522db62ca31,SP,65,16206.99,9.23,3.89,monitor
8e8a7ce9f2f970dc00e2acf6f6e199f6,RJ,65,9101.0,9.23,3.95,monitor
aac29b1b99776be73c3049939652091d,MG,98,6755.91,9.18,4.03,monitor
76d5af76d0271110f9af36c92573f765,SP,131,33461.6,9.16,4.12,monitor
e5a38146df062edaf55c38afa99e42dc,SP,121,15360.07,9.09,3.93,monitor
70c27847eca8195c983ed7e798c56743,RJ,77,12077.52,9.09,4.23,monitor
d05ae8f7a5bd1d2a690a44cd079e4e27,RJ,77,13244.0,9.09,3.86,monitor
ce7d1888639e6fb06b2749cbfdac1ff7,MG,78,11793.89,8.97,4.17,monitor
a420f60ff1aa9acc80d0e42959f2b313,SP,67,7443.3,8.96,3.93,monitor
17f51e7198701186712e53a39c564617,SP,56,48019.0,8.93,4.34,monitor
00ee68308b45bc5e2660cd833c3f81cc,SP,135,20260.0,8.89,4.3,monitor
fe2032dab1a61af8794248c8196565c9,SP,294,65959.61,8.84,4.35,monitor
d1c281d3ae149232351cd8c8cc885f0d,SP,215,26942.6,8.84,3.77,monitor
98dac6635aee4995d501a3972e047414,SP,91,4235.85,8.79,4.15,monitor
b2ba3715d723d245138f291a6fe42594,SP,333,50968.28,8.71,4.1,monitor
ef0ace09169ac090589d85746e3e036f,RJ,129,16223.3,8.53,4.37,monitor
5d0363b33554b373851fc1622e4d5f3c,SP,94,6610.79,8.51,4.04,monitor
cbd996ad3c1b7dc71fd0e5f5df9087e2,SP,165,8411.04,8.48,4.11,monitor
7ddcbb64b5bc1ef36ca8c151f6ec77df,SP,332,55375.59,8.43,3.95,monitor
c70c1b0d8ca86052f45a432a38b73958,SP,261,36537.37,8.43,4.33,monitor
688756f717c462a206ad854c5027a64a,SP,83,5966.54,8.43,3.84,monitor
3be634553519fb6536a03e1358e9fdc7,SP,83,5370.95,8.43,3.94,monitor
213b25e6f54661939f11710a6fddb871,SP,155,15379.5,8.39,3.77,monitor
ef506c96320abeedfb894c34db06f478,SP,323,9755.44,8.36,3.91,monitor
17e34d8224d27a541263c4c64b11a56b,SP,253,55470.32,8.3,4.2,monitor
004c9cd9d87a3c30c522c48c4fc07416,SP,158,19712.71,8.23,4.08,monitor
aced59e9b31ef866a94f9e7f29d8d418,SP,61,7268.5,8.2,4.43,monitor
7142540dd4c91e2237acb7e911c4eba2,SP,319,37373.56,8.15,4.02,monitor
715bbd5ba4e6b74cb0d2f29eb45058b0,SP,62,4043.3,8.06,4.47,monitor
bd0389da23d89b726abf911cccc54596,DF,87,7472.16,8.05,4.17,monitor
17a053fcb14bd219540cbde0df490be0,SP,125,40703.14,8.0,4.2,monitor
a17f621c590ea0fab3d5d883e1630ec6,SP,63,2677.92,7.94,4.06,monitor
4c18691b6037662be2df78a765d98ab5,SP,63,3195.52,7.94,3.87,monitor
92eb0f42c21942b6552362b9b114707d,SP,341,6548.63,7.92,3.98,monitor
4371b634e0efc0e22b09b52907d9d469,SP,101,8168.0,7.92,4.45,monitor
edb1ef5e36e0c8cd84eb3c9b003e486d,RJ,166,79284.55,7.83,4.42,monitor
951e8cef368f09bb3f3d03c00ca4702c,SP,64,4092.29,7.81,4.06,monitor
4b9750c8ad28220fe6702d4ecb7c898f,SP,218,15915.3,7.8,4.36,monitor
3c7c4a49ec3c6550809089c6a2ca9370,SP,141,4033.64,7.8,3.66,monitor
8e6cc767478edae941d9bd9eb778d77a,MG,104,6469.59,7.69,3.92,monitor
42b729f859728f5079499127a9c2ef37,SP,104,4118.86,7.69,4.45,monitor
e24fc9fcd865784fb25705606fe3dfe7,SP,52,12936.0,7.69,4.17,monitor
2a7dc43cecabf23403078e2188437d1d,SP,52,4795.91,7.69,4.1,monitor
955fee9216a65b617aa5c0531780ce60,SP,1286,135159.7,7.62,4.15,monitor
da8622b14eb17ae2831f4ac5b9dab84a,SP,1314,160236.57,7.61,4.17,monitor
624f4ece8da4aafb77699233d480f8ef,SP,53,9205.0,7.55,4.19,monitor
ccc4bbb5f32a6ab2b7066a4130f114e3,PR,187,74004.62,7.49,4.29,monitor
f45122a9ab94eb4f3f8953578bc0c560,SP,187,22078.29,7.49,3.96,monitor
5656537e588803a555b8eb41f07a944b,DF,174,8065.93,7.47,3.87,monitor
70eea00b476a314817cefde4aad4f89a,SP,108,31994.65,7.41,4.33,monitor
1bb2bdb95f4841f1bba2c0d2cd83d3c9,SP,81,5002.71,7.41,4.63,monitor
f214d28e8d8e3ef068748498ccc2f813,SP,54,2212.41,7.41,4.09,monitor
66922902710d126a0e7d26b0e3805106,MG,151,14362.3,7.28,4.45,monitor
48436dade18ac8b2bce089ec2a041202,SP,138,12271.71,7.25,4.01,monitor
e9779976487b77c6d4ac45f75ec7afe9,SP,656,43127.95,7.16,4.2,monitor
7ea5bfa6c340f58f8e71fc1f0412b0d6,MG,98,11002.89,7.14,4.1,monitor
c8b0e2b0a7095e5d8219575d5e7e1181,SP,84,12170.21,7.14,4.05,monitor
d50d79cb34e38265a8649c383dcffd48,SP,70,13012.42,7.14,4.21,monitor
8a130737016f838139d31878787a39c9,SP,56,4222.03,7.14,4.45,monitor
45d33f715e24d15a6ccf5c17b3a23e3c,SP,57,4572.36,7.02,4.09,monitor
4992e76a42cb3aad7a7047e0d3d7e729,SP,57,2211.1,7.02,3.91,monitor
25c5c91f63607446a97b143d2d535d31,MG,158,54679.22,6.96,3.82,monitor
640e21a7d01df7614a3b4923e990d40c,SP,116,7598.88,6.9,4.3,monitor
6d803cb79cc31c41c4c789a75933b3c7,SP,58,8711.4,6.9,4.24,monitor
1554a68530182680ad5c8b042c3ab563,MG,247,29052.53,6.88,4.29,monitor
08633c14ef2db992c11f840f04fad4cd,SP,74,7644.3,6.76,4.36,monitor
0509040ea3fe50071181bbc359eb7738,MG,89,3737.95,6.74,4.49,monitor
4830e40640734fc1c52cd21127c341d4,SP,208,9718.49,6.73,4.16,monitor
3b15288545f8928d3e65a8f949a28291,SP,104,14061.79,6.73,3.98,monitor
a7f13822ceb966b076af67121f87b063,SP,75,12477.64,6.67,3.31,monitor
701938c450705b8ae65fc923b70f35c7,SP,75,11983.28,6.67,4.0,monitor
d650b663c3b5f6fb392b6326366efa9a,SP,60,19242.9,6.67,4.2,monitor
2e1c9f22be269ef4643f826c9e650a52,SP,166,12640.19,6.63,4.13,monitor
c003204e1ab016dfa150abc119207b24,SP,197,25108.09,6.6,4.43,monitor
058fd0aa2bfdb2274e05e1ae971dabb6,SP,61,7667.9,6.56,4.38,monitor
4e17c65a516f69d023a2ae78b84f28d6,SP,61,7639.26,6.56,4.23,monitor
b6d44737c043328708f6749c2dbe50bd,SP,61,5284.6,6.56,4.52,monitor
7a241947449cc45dbfda4f9d0798d9d0,MG,61,7957.64,6.56,3.87,monitor
116ccb1a1604bc88e4d234a8c23f33de,SP,61,2004.89,6.56,4.64,monitor
0adac9fbd9a2b63cccaac4f8756c1ca8,SP,107,15702.5,6.54,4.1,monitor
d6b1ce66b035a475f00c017792ff9769,SP,92,12277.4,6.52,4.22,monitor
001cca7ae9ae17fb1caed9dfb1094831,ES,200,25080.03,6.5,3.95,monitor
dc4a0fc896dc34b0d5bfec8438291c80,SP,231,24180.77,6.49,3.77,monitor
5f1dc28029d2c244352a68107ec2b542,SP,62,2807.3,6.45,4.37,monitor
05d2173d43ea568aa0540eba70d2ca76,MG,62,5759.66,6.45,4.08,monitor
850f4f8af5ea87287ac68de36e29107f,SP,187,45355.36,6.42,4.28,monitor
46dc3b2cc0980fb8ec44634e21d2718e,RJ,518,127161.22,6.37,4.18,monitor
f4aba7c0bca51484c30ab7bdc34bcdd1,SP,110,3009.79,6.36,3.93,monitor
59fb871bf6f4522a87ba567b42dafecf,SP,126,21708.57,6.35,4.22,monitor
96493fab2fbb13a14d0c0e8772eef5c3,SP,63,18969.0,6.35,4.08,monitor
5b925e1d006e9476d738aa200751b73b,SP,63,7748.5,6.35,4.6,monitor
6560211a19b47992c3666cc44a7e94c0,SP,1847,122776.83,6.33,3.93,monitor
0be8ff43f22e456b4e0371b2245e4d01,SP,158,11535.8,6.33,4.01,monitor
8444e55c1f13cd5c179851e5ca5ebd00,MG,95,21967.96,6.32,3.33,monitor
41b39e28db005d9731d9d485a83b4c38,SP,193,16872.75,6.22,4.1,monitor
fa40cc5b934574b62717c68f3d678b6d,SP,306,16005.97,6.21,4.46,monitor
01fdefa7697d26ad920e9e0346d4bd1b,PR,129,14921.43,6.2,4.36,monitor
128639473a139ac0f3e5f5ade55873a5,PR,533,11908.85,6.19,4.17,monitor
1b4c3a6f53068f0b6944d2d005c9fc89,SC,113,14760.3,6.19,4.22,monitor
d91fb3b7d041e83b64a00a3edfb37e4f,SP,535,40889.74,6.17,4.07,monitor
5dceca129747e92ff8ef7a997dc4f8ca,SP,324,112085.63,6.17,3.98,monitor
f457c46070d02cadd8a68551231220dd,PR,196,18884.3,6.12,3.85,monitor
834f3294fba9f932f56edc879193f925,SP,66,39907.5,6.06,4.55,monitor
6d66611d7c44cc30ce351abc49a68421,SP,166,13593.4,6.02,3.93,monitor
09f952a5f58d2285b0372551ae8f9b01,SP,50,11821.5,6.0,3.84,monitor
ceaec5548eefc6e23e6607c5435102e7,SP,201,52487.18,5.97,4.15,monitor
5f2684dab12e59f83bef73ae57724e45,SP,67,8870.97,5.97,3.79,monitor
8cbac7e12637ed9cffa18c7875207478,SC,67,2990.98,5.97,4.12,monitor
cc419e0650a3c5ba77189a1882b7556a,SP,1697,103634.51,5.95,4.08,monitor
0241d4d5d36f10f80c644447315af0bd,PR,238,31397.7,5.88,4.35,monitor
79ebd9a61bac3eaf882805ed4ecfa12a,PR,136,15092.79,5.88,4.04,monitor
18a349e75d307f4b4cc646a691ed4216,SP,119,8631.03,5.88,3.47,monitor
dbd66278cbfe1aa1000f90a217ca4695,SP,85,4928.9,5.88,4.51,monitor
e333046ce6517bd8bb510291d44f0130,SP,68,7268.0,5.88,4.34,monitor
95f83f51203c626648c875dd41874c7f,MG,51,3147.56,5.88,3.73,monitor
7a67c85e85bb2ce8582c35f2203ad736,SP,1159,141715.54,5.87,4.23,monitor
3d871de0142ce09b7081e2b9d1733cb1,SP,1076,94508.2,5.86,4.14,monitor
6edacfd9f9074789dad6d62ba7950b9c,SP,207,13137.2,5.8,4.35,monitor
5a8e7d5003a1f221f9e1d6e411de7c23,SP,138,11112.0,5.8,4.14,monitor
cca3071e3e9bb7d12640c9fbe2301306,SP,711,63984.99,5.77,3.81,monitor
9b013e03b2ab786505a1d3b5c0756754,SP,174,9027.4,5.75,4.14,monitor
d2374cbcbb3ca4ab1086534108cc3ab7,SP,523,21196.02,5.74,3.74,monitor
1da3aeb70d7989d1e6d9b0e887f97c23,SP,264,8733.53,5.68,4.15,monitor
2ff97219cb8622eaf3cd89b7d9c09824,SP,88,4429.0,5.68,4.52,monitor
dd2bdf855a9172734fbc3744021ae9b9,MG,106,10676.9,5.66,3.8,monitor
7202e2ba20579a9bd1acb29e61fe71f6,SP,53,12750.5,5.66,3.87,monitor
537eb890efff034a88679788b647c564,RJ,160,4679.7,5.63,4.22,monitor
25e6ffe976bd75618accfe16cefcbd0d,SP,107,11591.61,5.61,4.44,monitor
a1043bafd471dff536d0c462352beb48,MG,715,101483.16,5.59,4.23,monitor
87142160b41353c4e5fca2360caf6f92,RS,305,31095.98,5.57,4.4,monitor
d9a84e1403de8da0c3aa531d6d108ba6,SP,54,1425.2,5.56,4.52,monitor
0c8380b62e38e8a1e6adbeba7eb9688c,MG,182,17348.79,5.49,4.02,monitor
81a1104df0f08b59c68aa5b03cfe398e,PR,73,9420.88,5.48,4.26,monitor
1c129092bf23f28a5930387c980c0dfc,SP,201,9553.62,5.47,4.23,monitor
dc317f341ab0e22f39acbd9dbf9b4a1f,RS,55,18988.4,5.45,4.15,monitor
7e93a43ef30c4f03f38b393420bc753a,SP,332,172583.88,5.42,4.24,monitor
1a3df491d1c4f1589fc2b934ada68bf2,SC,167,23302.7,5.39,4.19,monitor
dee656f0f566ed1aa85bd137c943f08f,SP,93,6271.98,5.38,4.33,monitor
7d456afc660226829370f3173d14520c,SP,56,8338.25,5.36,4.36,monitor
2138ccb85b11a4ec1e37afbd1c8eda1f,SP,393,12264.16,5.34,3.95,monitor
53e4c6e0f4312d4d2107a8c9cddf45cd,SP,471,29969.01,5.31,4.09,monitor
8a432f4e5b471f8da497d7dc517666e2,SP,95,7555.0,5.26,4.16,monitor
516e7738bd8f735ac19a010ee5450d8d,RJ,76,6643.09,5.26,4.57,monitor
8f119a0aee85c0c8fc534629734e94fd,SP,76,3633.78,5.26,4.24,monitor
3078096983cf766a32a06257648502d1,SP,57,8095.44,5.26,4.32,monitor
bfd27a966d91cfaafdb25d076585f0da,SP,117,19921.0,5.13,4.22,monitor
670c26e0f1bf8d0576271d5cfaec6d2b,PR,78,6341.6,5.13,4.27,monitor
1f9ab4708f3056ede07124aad39a2554,SP,78,13602.73,5.13,4.06,monitor
f8db351d8c4c4c22c6835c19a46f01b0,SP,666,50498.7,5.11,4.22,monitor
f80edd2c5aaa505cc4b0a3b219abf4b8,SP,118,8978.3,5.08,4.09,monitor
05ff92fedb5be47920fea08e501238b9,RS,59,21992.78,5.08,4.24,monitor
3bdff180c7e1f6551a643b99c265a120,SP,59,3114.9,5.08,4.03,monitor
282f23a9769b2690c5dda22e316f9941,MG,99,6505.08,5.05,4.33,monitor
9f505651f4a6abe901a56cdc21508025,SP,397,26361.82,5.04,4.34,monitor
813348c996469b40f2e028d5429d3495,SP,179,11205.83,5.03,3.99,monitor
2528513dd95219a6013d4d05176e391a,SP,160,32660.2,5.0,3.93,monitor
f7720c4fa8e3aba4546301ab80ea1f1b,PR,60,2083.45,5.0,4.2,monitor
7178f9f4dd81dcef02f62acdf8151e01,SC,203,37070.4,4.93,4.03,monitor
01cf7e3d21494c41fb86034f2e714fa1,PR,61,9729.36,4.92,4.16,monitor
0c7533c71df861ec58ad7ff999ed0e8d,SP,61,2989.3,4.92,4.15,monitor
1e8b33f18b4f7598d87f5cbee2282cc2,SP,123,17309.06,4.88,4.33,monitor
4e7c18b98d84e05cbae3ff0ff03846c2,SP,82,9177.9,4.88,4.15,monitor
00fc707aaaad2d31347cf883cd2dfe10,PR,103,12684.9,4.85,4.05,monitor
cce6ab8d1682639fe45ab70234f1665f,SP,62,2482.7,4.84,4.45,monitor
7299e27ed73d2ad986de7f7c77d919fa,MG,337,34225.43,4.75,4.43,monitor
a3a38f4affed601eb87a97788c949667,SC,254,26533.32,4.72,4.35,monitor
7008613ea464bad5cb9b83456e1e6a8f,SC,127,7777.0,4.72,4.24,monitor
1838dd9b8977065acf51d95e0053ea7a,MG,64,2820.3,4.69,4.27,monitor
aafe36600ce604f205b86b5084d3d767,SC,129,9251.4,4.65,4.4,monitor
4d6d651bd7684af3fffabd5f08d12e5a,SP,368,43517.5,4.62,4.19,monitor
e8b3a3a38279a82f0e5d006d5e5b7d2c,PR,87,13154.7,4.6,3.79,monitor
febab0275244b9a49a623f0bd613ca2f,SP,109,7272.42,4.59,4.38,monitor
36a968b544695394e4e9d7572688598f,SP,153,8341.97,4.58,3.67,monitor
bd23da7354813347129d751591d1a6e2,SP,88,10264.4,4.55,4.02,monitor
de722cd6dad950a92b7d4f82673f8833,PE,339,55426.1,4.42,4.27,monitor
710e3548e02bc1d2831dfc4f1b5b14d4,PR,136,23979.11,4.41,3.35,monitor
94144541854e298c2d976cb893b81343,RS,68,17286.28,4.41,4.24,monitor
c33847515fa6305ce6feb1e818569f13,SC,114,15519.85,4.39,3.85,monitor
669ae81880e08f269a64487cfb287169,SC,161,13133.87,4.35,4.26,monitor
7b07b3c7487f0ea825fc6df75abd658b,SP,92,9332.09,4.35,4.38,monitor
ca3bd7cd9f149df75950150d010fe4a2,SP,70,9705.67,4.29,4.0,monitor
53243585a1d6dc2643021fd1853d8905,BA,358,222776.05,4.19,4.12,monitor
9de4643a8dbde634fe55621059d92273,SC,72,17560.34,4.17,4.53,monitor
9d4db00d65d7760644ac0c14edb5fd86,SP,98,9979.7,4.08,4.48,monitor
80e6699fe29150b372a0c8a1ebf7dcc8,PR,98,11441.56,4.08,4.29,monitor
9e6229250fedbe05838fef417b74e7fb,SP,74,13132.2,4.05,3.89,monitor
080102cd0a76b09e0dcf55fcacc60e05,MG,124,5716.78,4.03,4.48,monitor
25cf099de44674fde97473224f9d59ab,SP,50,1654.36,4.0,4.26,monitor
d94a40fd42351c259927028d163af842,MG,101,13823.8,3.96,4.15,monitor
dfa0c4c6229ab200a4a1336b4d7128ff,SC,77,4777.1,3.9,4.0,monitor
6b243f80ed07b10f0e8aa0f21a205f3c,PR,79,6260.1,3.8,4.27,monitor
0db783cfcd3b73998abc6e10e59a102f,SP,132,9077.4,3.79,4.2,monitor
dbb9b48c841a0e39e21f98e1a6b2ec3e,SP,108,7186.85,3.7,4.27,monitor
750303a20e9c56b2a6bc45cdce0b897d,GO,54,8085.0,3.7,4.24,monitor
0b90b6df587eb83608a64ea8b390cf07,PR,164,28592.32,3.66,4.0,monitor
db4350fd57ae30082dec7acbaacc17f9,SP,137,3331.31,3.65,4.15,monitor
062ce95fa2ad4dfaedfc79260130565f,RS,55,7521.0,3.64,4.04,monitor
6c177e38df6d3f34182b1f1d427231bf,PR,55,8341.89,3.64,4.04,monitor
eeb6de78f79159600292e314a77cbd18,SC,83,43739.84,3.61,4.45,monitor
0432ead42b6c8a0bdf68154add917fdf,SP,83,7669.3,3.61,4.49,monitor
ebd2d60905fb58271facef5596b620d3,SP,84,7941.72,3.57,4.15,monitor
9674754b5a0cb32b638cec001178f799,SP,84,4941.73,3.57,4.11,monitor
85d9eb9ddc5d00ca9336a2219c97bb13,MG,508,15383.34,3.54,4.18,monitor
1c68394e931a64f90ea236c5ea590300,PR,142,24832.75,3.52,3.9,monitor
376a891762bbdecbc02b4b6adec3fdda,GO,57,6406.23,3.51,4.67,monitor
562fc2f2c2863ab7e79a9e4388a58a14,SP,258,8754.22,3.49,4.22,monitor
44073f8b7e41514de3b7815dd0237f4f,DF,144,18729.64,3.47,3.75,monitor
c864036feaab8c1659f65ea4faebe1da,PR,58,10454.2,3.45,4.57,monitor
95e03ca3d4146e4011985981aeb959b9,RJ,175,11009.96,3.43,3.97,monitor
c6bda72e4dbf5c5866b13cb1810c6d03,SP,59,14059.38,3.39,4.39,monitor
5cf13accae3222c70a9cac40818ae839,MG,149,14383.2,3.36,4.46,monitor
86ccac0b835037332a596a33b6949ee1,SC,179,16593.24,3.35,4.2,monitor
709e16e2b25c7474d980076c6bfc4806,SP,60,5151.9,3.33,4.52,monitor
fcb5ace8bcc92f75707dc0f01a27d269,SP,61,8205.38,3.28,3.92,monitor
d57e18d5f73c7ccb7f7339b61166898d,SP,61,3187.7,3.28,4.43,monitor
b92e3c8f9738272ff7c59e111e108d7c,MG,62,8231.09,3.23,4.16,monitor
ff063b022a9a0aab91bad2c9088760b7,SP,94,12076.5,3.19,4.28,monitor
520b493b57809f446cb0a233bb3e25c7,SP,63,3698.9,3.17,4.3,monitor
91f848e9f4be368f4318775aac733370,SP,63,5932.6,3.17,4.21,monitor
b76dba6c951ab00dc4edf0a1aa88037e,SP,159,2574.78,3.14,4.16,monitor
76d64c4aca3a7baf218bf93ef7fa768d,PR,64,16911.8,3.13,4.23,monitor
2a84855fd20af891be03bc5924d2b453,MG,161,15524.4,3.11,4.3,monitor
8a32e327fe2c1b3511609d81aaf9f042,SP,130,6291.08,3.08,3.88,monitor
d566c37fa119d5e66c4e9052e83ee4ea,SP,65,5145.7,3.08,4.63,monitor
5c243662ce92d84573bfaff24c3e3700,SP,98,32862.02,3.06,4.11,monitor
7722b1df1b0e383e000397b2c11e3e19,SP,134,7094.09,2.99,4.2,monitor
48162d548f5b1b11b9d29d1e01f75a61,SP,67,20223.04,2.99,3.94,monitor
066a6914e1ebf3ea95a216c73a986b91,PR,68,9410.38,2.94,4.04,monitor
ac3508719a1d8f5b7614b798f70af136,RS,103,12775.84,2.91,4.53,monitor
9646c3513289980f17226a2fc4720dbd,SP,69,2964.4,2.9,4.45,monitor
aaed1309374718fdd995ee4c58c9dfcd,SC,105,9376.95,2.86,4.07,monitor
30a2f535bb48308f991d0b9ad4a8c4bb,SP,71,4731.3,2.82,4.28,monitor
1127b7f2594683f2510f1c2c834a486b,SP,110,6669.7,2.73,4.19,monitor
966cb4760537b1404caedd472cc610a5,SP,75,51286.05,2.67,3.83,monitor
17ca9b9e9b9ef8fdb529001b49ebb50f,MG,116,9754.83,2.59,4.04,monitor
37be5a7c751166fbc5f8ccba4119e043,SP,272,55350.55,2.57,4.31,monitor
080199a181c46c657dc5aa235411be3b,SP,79,14504.2,2.53,4.62,monitor
c3cfdc648177fdbbbb35635a37472c53,PR,278,43048.18,2.52,4.47,monitor
dbc22125167c298ef99da25668e1011f,MG,402,33558.18,2.49,4.29,monitor
e26901d5ab434ce92fd9b5c256820a4e,SP,201,11911.0,2.49,4.14,monitor
8bb48dc19fccaa8613b6229bf7f452a2,SP,82,4190.72,2.44,4.41,monitor
cab85505710c7cb9b720bceb52b01cee,SP,206,11389.1,2.43,4.27,monitor
d98eec89afa3380e14463da2aabaea72,RS,168,6968.53,2.38,4.32,monitor
609e1a9a6c2539919b8205cf7c4e6ff0,SC,87,6595.23,2.3,3.78,monitor
ce27a3cc3c8cc1ea79d11e561e9bebb6,SP,135,10682.65,2.22,3.81,monitor
259f7b5e6e482c230e5bfaa670b6bb8f,SP,138,8526.04,2.17,4.28,monitor
06e5eefc71ec47ae763c5c6f8db7064f,RS,92,22188.56,2.17,3.89,monitor
b4ffb71f0cb1b1c3d63fad021ecf93e1,SP,144,6656.09,2.08,4.22,monitor
6cd68b3ed6d59aaa9fece558ad360c0a,MG,149,11188.57,2.01,4.46,monitor
b1a81260566c1bac3114a6d124413f27,RS,51,8684.69,1.96,4.27,monitor
751bdc4d83a466c7206cd42e8f426b03,SP,52,6540.95,1.92,3.87,monitor
33a6f4b1e7cdc205511e76ba1b6e0186,SP,105,10295.01,1.9,4.41,monitor
612170e34b97004b3ba37eae81836b4c,RS,107,23065.02,1.87,4.43,monitor
2dee2ce60de9709b1a24083217181a1f,MT,54,7784.5,1.85,4.43,monitor
a5cba26a62b8b4d0145b68b841e62e7f,PR,54,14737.84,1.85,4.52,monitor
289cdb325fb7e7f891c38608bf9e0962,SP,110,13544.95,1.82,4.57,monitor
1b8356dabde1d35e17cef975c3f82730,SP,56,3426.39,1.79,4.16,monitor
6c7d50c24b3ccd2fd83b44d8bb34e073,SP,113,8572.65,1.77,4.39,monitor
0ea22c1cfbdc755f86b9b54b39c16043,MG,237,10711.7,1.69,4.37,monitor
582d4f8675b945722eda7c0cb61ba4c7,SP,59,4702.96,1.69,4.15,monitor
229c3efbfb0ea2058de4ccdfbc3d784a,MG,121,15744.0,1.65,3.6,monitor
8ae520247981aa06bc94abddf5f46d34,SC,65,16320.99,1.54,4.45,monitor
12b9676b00f60f3b700e83af21824c0e,RS,134,26575.0,1.49,4.56,monitor
9d5a9018aee56acb367ba9c3f05d1d6a,GO,67,10292.31,1.49,4.42,monitor
cb8bcce248bb1fb274ba762d8b971456,MG,68,9402.2,1.47,4.25,monitor
822166ed1e47908f7cfb49946d03c726,RJ,69,3714.83,1.45,3.94,monitor
d921b68bf747894be13a97ae52b0f386,MG,77,15645.8,1.3,4.56,monitor
d12c926d74ceff0a90a21184466ce161,SP,78,3944.18,1.28,4.35,monitor
744dac408745240a2c2528fb1b6028f3,PR,79,22490.6,1.27,4.57,monitor
0df3984f9dfb3d49ac6366acbd3bbb85,MG,86,9891.49,1.16,4.38,monitor
725c32fa80c2faacc4fc88450d27314e,SP,89,7838.88,1.12,4.44,monitor
530ec6109d11eaaf87999465c6afee01,PR,97,12983.81,1.03,4.24,monitor
8c16d1f32a54d92897cc437244442e1b,SC,108,5642.6,0.93,4.33,monitor
0bae85eb84b9fb3bd773911e89288d54,SP,137,7482.21,0.73,4.27,monitor
fc906263ca5083d09dce42fe02247800,MG,114,4497.7,0.0,4.35,monitor
9616352088dcf83a7c06637f4ebf1c80,PR,92,5703.0,0.0,4.32,monitor
f3b80352b986ab4d1057a4b724be19d0,DF,87,10505.1,0.0,4.17,monitor
b372ee768ed69e46ca8cdbd267aa7a38,SP,63,12630.0,0.0,4.43,monitor
57e632711dec9ec14ca7546769483e7e,SC,62,6350.06,0.0,4.42,monitor
e882b2a25a10b9c057cc49695f222c19,RJ,57,51057.54,0.0,4.58,monitor
cc63f0dd2acba93ffed4fe9f8e0321fa,SP,55,7096.71,0.0,4.09,monitor
fa1a9dec3a9940c072684a46728bf1fc,SC,55,6674.0,0.0,4.05,monitor
3504c0cb71d7fa48d967e0e4c94d59d9,SP,53,2349.94,0.0,4.42,monitor
2b3e4a2a3ea8e01938cabda2a3e5cc79,SP,52,23629.15,0.0,4.37,monitor
